Workbook

Sheet SIPOC
A1: SIPOC — KYC Retail Onboarding Process
A2: SUPPLIERS | B2: INPUTS | C2: PROCESS (12 Steps) | D2: OUTPUTS | E2: CUSTOMERS
A3: Customer | B3: PAN Card | C3: 1. Receive Application | D3: KYC Verified Account | E3: Operations Team
A4: Relationship Manager (RM) | B4: Aadhaar Card | C4: 2. Document Upload | D4: Rejection Notice | E4: Compliance / Risk
A5: Upload System / Portal | B5: Address Proof | C5: 3. Doc Quality Check | D5: Pending / Query Letter | E5: Customer
A6: Third-party APIs (NSDL, UIDAI) | B6: Photograph | C6: 4. Data Entry | D6: Audit Trail / Log | E6: Regulatory Bodies
B7: KYC Form / Application | C7: 5. PAN Validation
C8: 6. Aadhaar Validation
C9: 7. AML / Name Screening
C10: 8. Address Verification
C11: 9. Risk Categorisation
C12: 10. Maker Review
C13: 11. Checker Approval
C14: 12. Account Activation
A17: 🔴 = Bottleneck Step | 🟡 = Watch Step (automation candidate) | Process Owner: Operations & Compliance

Sheet TAT_AsIs
A1: KYC ONBOARDING — AS-IS TAT MODEL
A2: TAT_AsIs | Touch Time & End-to-End Analysis
A4: # | B4: Process Step | C4: Touch Time (min) | D4: Owner | E4: Type | F4: Notes
A5: 1 | B5: Receive Application | C5: 2 | D5: Ops | E5: Manual | F5: Entry trigger
A6: 2 | B6: Document Upload | C6: 3 | D6: System | E6: Automated | F6: Customer / RM upload
A7: 3 | B7: Doc Quality Check | C7: 4 | D7: Ops | E7: Manual | F7: Visual check
A8: 4 | B8: Data Entry | C8: 6 | D8: Ops | E8: Manual | F8: Key bottleneck – OCR candidate
A9: 5 | B9: PAN Validation | C9: 5 | D9: System | E9: API | F9: NSDL API
A10: 6 | B10: Aadhaar Validation | C10: 5 | D10: System | E10: API | F10: UIDAI API (serial after PAN)
A11: 7 | B11: AML / Name Screening | C11: 8 | D11: Risk | E11: Manual | F11: AML queue – wait risk
A12: 8 | B12: Address Verification | C12: 10 | D12: Verification | E12: Manual | F12: ⚠ BOTTLENECK – manual, error-prone
A13: 9 | B13: Risk Categorisation | C13: 4 | D13: Risk | E13: Manual | F13: Low/Med/High
A14: 10 | B14: Maker Review | C14: 6 | D14: Ops | E14: Manual | F14: 4-eye check
A15: 11 | B15: Checker Approval | C15: 5 | D15: Ops | E15: Manual | F15: Senior ops
A16: 12 | B16: Account Activation | C16: 2 | D16: System | E16: Automated | F16: Core banking trigger
A18: SUMMARY CALCULATIONS
B19: Touch Time Total (T_touch) | C19: =SUM(C5:C16) -> 60 | D19: min
B20: Avg Queue / Wait Time | C20: 37 | D20: min
B21: End-to-End TAT (T_e2e) | C21: =C19+C20 -> 97 | D21: min
B22: Process Efficiency | C22: =C19/C21 -> 0.6185567 | D22: %
A24: STEP SHARE ANALYSIS (% of T_touch)
A25: # | B25: Step | C25: Time (min) | D25: Share % | E25: Owner | F25: Flag
A26: 1 | B26: Receive Application | C26: =C5 -> 2 | D26: =C26/C$19*100 -> 3.3333333 | E26: Ops | F26: 🟢 OK
A27: 2 | B27: Document Upload | C27: =C6 -> 3 | D27: =C27/C$19*100 -> 5 | E27: System | F27: 🟢 OK
A28: 3 | B28: Doc Quality Check | C28: =C7 -> 4 | D28: =C28/C$19*100 -> 6.6666667 | E28: Ops | F28: 🟢 OK
A29: 4 | B29: Data Entry | C29: =C8 -> 6 | D29: =C29/C$19*100 -> 10 | E29: Ops | F29: 🟡 Watch
A30: 5 | B30: PAN Validation | C30: =C9 -> 5 | D30: =C30/C$19*100 -> 8.3333333 | E30: System | F30: 🟢 OK
A31: 6 | B31: Aadhaar Validation | C31: =C10 -> 5 | D31: =C31/C$19*100 -> 8.3333333 | E31: System | F31: 🟢 OK
A32: 7 | B32: AML / Name Screening | C32: =C11 -> 8 | D32: =C32/C$19*100 -> 13.333333 | E32: Risk | F32: 🟡 Watch
A33: 8 | B33: Address Verification | C33: =C12 -> 10 | D33: =C33/C$19*100 -> 16.666667 | E33: Verification | F33: 🔴 BOTTLENECK
A34: 9 | B34: Risk Categorisation | C34: =C13 -> 4 | D34: =C34/C$19*100 -> 6.6666667 | E34: Risk | F34: 🟢 OK
A35: 10 | B35: Maker Review | C35: =C14 -> 6 | D35: =C35/C$19*100 -> 10 | E35: Ops | F35: 🟡 Watch
A36: 11 | B36: Checker Approval | C36: =C15 -> 5 | D36: =C36/C$19*100 -> 8.3333333 | E36: Ops | F36: 🟢 OK
A37: 12 | B37: Account Activation | C37: =C16 -> 2 | D37: =C37/C$19*100 -> 3.3333333 | E37: System | F37: 🟢 OK

Sheet Capacity_AsIs
A1: KYC ONBOARDING — AS-IS CAPACITY & FTE MODEL
A2: Capacity_AsIs | Workload vs Available Capacity | Blue = Input | Black = Formula
A4: INPUTS — Assumptions
B5: Parameter | C5: Value | D5: Unit | E5: Notes
B6: Daily Case Volume (D) | C6: 500 | D6: cases/day | E6: Planned daily intake
B7: T_touch — Touch Time | C7: 53 | D7: min/case | E7: From TAT_AsIs model
B8: Working Mins per FTE per Day | C8: 480 | D8: min | E8: 8-hour shift
B9: Productivity Factor | C9: 0.85 | D9: % | E9: Industry standard
B10: Current FTE | C10: 60 | D10: FTEs | E10: Headcount (Ops + Verification + Risk)
B11: SLA Target | C11: 24 | D11: hours | E11: Max end-to-end TAT
A13: OUTPUTS — Derived Metrics
B14: Metric | C14: Value | D14: Unit | E14: Formula
B15: Effective Mins/FTE/Day (E) | C15: =C8*C9 -> 408 | D15: min | E15: Work_Mins × Productivity
B16: Total Workload (W) | C16: =C6*C7 -> 26500 | D16: min/day | E16: D × T_touch
B17: Available Capacity (C) | C17: =C10*C15 -> 24480 | D17: min/day | E17: FTE × E
B18: Utilisation (U) | C18: =C16/C17 -> 1.0825163 | D18: % | E18: W / C
B19: Excess Minutes/Day | C19: =MAX(0,C16-C17) -> 2020 | D19: min | E19: W − C (if positive)
B20: Backlog Cases/Day | C20: =MAX(0,(C16-C17)/C7) -> 38.113208 | D20: cases | E20: MAX(0,(W−C)/T_touch)
B21: Throughput (cases/day) | C21: =C17/C7 -> 461.88679 | D21: cases | E21: C / T_touch
B22: FTE Required to Clear at 100% | C22: =ROUNDUP(C16/C15,0) -> 65 | D22: FTEs | E22: W / E
A25: WHAT-IF SENSITIVITY — FTE vs Utilisation & Backlog
B26: FTE | C26: Capacity (min) | D26: Utilisation % | E26: Backlog Cases | F26: Status
B27: 50 | C27: =50*C15 -> 20400 | D27: =C16/C27 -> 1.2990196 | E27: =MAX(0,(C16-C27)/C7) -> 115.09434 | F27: =IF(D27>=1,"🔴 SLA Breach","🟢 On Track") -> 🔴 SLA Breach
B28: 52 | C28: =52*C15 -> 21216 | D28: =C16/C28 -> 1.2490573 | E28: =MAX(0,(C16-C28)/C7) -> 99.698113 | F28: =IF(D28>=1,"🔴 SLA Breach","🟢 On Track") -> 🔴 SLA Breach
B29: 55 | C29: =55*C15 -> 22440 | D29: =C16/C29 -> 1.1809269 | E29: =MAX(0,(C16-C29)/C7) -> 76.603774 | F29: =IF(D29>=1,"🔴 SLA Breach","🟢 On Track") -> 🔴 SLA Breach
B30: 57 | C30: =57*C15 -> 23256 | D30: =C16/C30 -> 1.1394909 | E30: =MAX(0,(C16-C30)/C7) -> 61.207547 | F30: =IF(D30>=1,"🔴 SLA Breach","🟢 On Track") -> 🔴 SLA Breach
B31: 60 | C31: =60*C15 -> 24480 | D31: =C16/C31 -> 1.0825163 | E31: =MAX(0,(C16-C31)/C7) -> 38.113208 | F31: =IF(D31>=1,"🔴 SLA Breach","🟢 On Track") -> 🔴 SLA Breach
B32: 62 | C32: =62*C15 -> 25296 | D32: =C16/C32 -> 1.0475965 | E32: =MAX(0,(C16-C32)/C7) -> 22.716981 | F32: =IF(D32>=1,"🔴 SLA Breach","🟢 On Track") -> 🔴 SLA Breach
B33: 65 | C33: =65*C15 -> 26520 | D33: =C16/C33 -> 0.99924585 | E33: =MAX(0,(C16-C33)/C7) -> 0 | F33: =IF(D33>=1,"🔴 SLA Breach","🟢 On Track") -> 🟢 On Track

Sheet TAT_ToBe
A1: KYC ONBOARDING — TO-BE TAT MODEL (Post-Optimisation)
A2: TAT_ToBe | Interventions: OCR Data Entry | Address API | Parallel PAN+Aadhaar
A4: INTERVENTIONS APPLIED
B5: Intervention | C5: Impact | D5: Description
B6: OCR for Data Entry | C6: 6 → 4 min | D6: Automated document reading
B7: Address Verification API | C7: 10 → 6 min | D7: Replace manual with API lookup
B8: Parallel PAN & Aadhaar Check | C8: Serial → Parallel | D8: Eliminate sequential wait
B9: AML Queue Optimisation | C9: 8 → 7 min | D9: Pre-screening automation
A11: STEP-BY-STEP COMPARISON
A12: # | B12: Process Step | C12: As-Is (min) | D12: To-Be (min) | E12: Saving (min) | F12: Owner | G12: Change Note
A13: 1 | B13: Receive Application | C13: 2 | D13: 2 | E13: 0 | F13: Ops | G13: No change
A14: 2 | B14: Document Upload | C14: 3 | D14: 3 | E14: 0 | F14: System | G14: No change
A15: 3 | B15: Doc Quality Check | C15: 4 | D15: 4 | E15: 0 | F15: Ops | G15: No change
A16: 4 | B16: Data Entry | C16: 6 | D16: 4 | E16: 2 | F16: Ops | G16: ✅ OCR automation
A17: 5 | B17: PAN Validation | C17: 5 | D17: 5 | E17: 0 | F17: System | G17: Now parallel with Aadhaar
A18: 6 | B18: Aadhaar Validation | C18: 5 | D18: 0 | E18: 5 | F18: System | G18: ✅ Parallel → no extra time
A19: 7 | B19: AML / Name Screening | C19: 8 | D19: 7 | E19: 1 | F19: Risk | G19: Pre-screen filter
A20: 8 | B20: Address Verification | C20: 10 | D20: 6 | E20: 4 | F20: Verification | G20: ✅ API replaces manual
A21: 9 | B21: Risk Categorisation | C21: 4 | D21: 4 | E21: 0 | F21: Risk | G21: No change
A22: 10 | B22: Maker Review | C22: 6 | D22: 6 | E22: 0 | F22: Ops | G22: No change
A23: 11 | B23: Checker Approval | C23: 5 | D23: 5 | E23: 0 | F23: Ops | G23: No change
A24: 12 | B24: Account Activation | C24: 2 | D24: 2 | E24: 0 | F24: System | G24: No change
A26: SUMMARY COMPARISON
B27: Metric | C27: As-Is | D27: To-Be | E27: Improvement
B28: T_touch (min) | C28: 53 | D28: 45 | E28: 8 min saved
B29: T_e2e (min) | C29: 90 | D29: 75 | E29: −16.7%
B30: Queue/Wait | C30: 37 | D30: 30 | E30: Reduced handoffs
B31: FTE Required | C31: 65 | D31: 55 | E31: 10 FTE capacity created

Sheet Capacity_ToBe
A1: KYC ONBOARDING — TO-BE CAPACITY MODEL
A2: Capacity_ToBe | Optimised FTE Requirements & Utilisation
A4: INPUTS — To-Be Assumptions
B5: Parameter | C5: Value | D5: Unit | E5: Notes
B6: Daily Case Volume (D) | C6: 500 | D6: cases/day | E6: Unchanged
B7: T_touch — To-Be Touch Time | C7: 45 | D7: min/case | E7: After OCR + API + Parallel
B8: Working Mins per FTE per Day | C8: 480 | D8: min | E8: 8-hour shift
B9: Productivity Factor | C9: 0.85 | D9: % | E9: Industry standard
B10: Target FTE (To-Be) | C10: 55 | D10: FTEs | E10: Optimised headcount
A12: OUTPUTS — To-Be Metrics
B13: Metric | C13: Value | D13: Unit | E13: Formula
B14: Effective Mins/FTE/Day (E) | C14: =C8*C9 -> 408 | D14: min | E14: Work_Mins × Productivity
B15: Total Workload W' (To-Be) | C15: =C6*C7 -> 22500 | D15: min/day | E15: D × T_touch_ToBe
B16: Available Capacity C' | C16: =C10*C14 -> 22440 | D16: min/day | E16: FTE × E
B17: Utilisation U' | C17: =C15/C16 -> 1.0026738 | D17: % | E17: W' / C'
B18: Backlog Cases/Day | C18: =MAX(0,(C15-C16)/C7) -> 1.3333333 | D18: cases | E18: MAX(0,(W'−C')/T_touch)
B19: Throughput (cases/day) | C19: =C16/C7 -> 498.66667 | D19: cases | E19: C' / T_touch
B20: FTE Required | C20: =ROUNDUP(C15/C14,0) -> 56 | D20: FTEs | E20: ROUNDUP(W'/E,0)
B21: Capacity Created (FTE equiv) | C21: =60-C20 -> 4 | D21: FTEs | E21: As-Is FTE − To-Be FTE req
A24: BEFORE vs AFTER — Impact Summary
B25: KPI | C25: As-Is | D25: To-Be | E25: Δ Change
B26: T_touch (min) | C26: 53 | D26: 45 | E26: −15.1%
B27: T_e2e (min) | C27: 90 | D27: 75 | E27: −16.7%
B28: Utilisation | C28: 108% | D28: ~92-100% | E28: Normalised
B29: Backlog/day (cases) | C29: 38-80 | D29: 0 | E29: Eliminated
B30: FTE Required | C30: 65 | D30: 55 | E30: 10 FTE capacity created
B31: SLA Risk | C31: HIGH | D31: LOW | E31: Stabilised

Sheet MI_Dashboard
A1: KYC ONBOARDING — MI DASHBOARD
A2: Management Information | Daily KPI Tracker | As-Is vs To-Be
A4: KEY PERFORMANCE INDICATORS
B5: 📦 Volume/Day | C5: ⏱ T_touch (As-Is) | D5: ⏱ T_e2e (As-Is) | E5: 📊 Utilisation | F5: 📋 Backlog/Day | G5: ✅ Throughput
B6: =Capacity_AsIs!C7 -> 53 | C6: =TAT_AsIs!C14 -> 6 | D6: =TAT_AsIs!C16 -> 2 | E6: =Capacity_AsIs!C14 -> Value | F6: =Capacity_AsIs!C15 -> 408 | G6: =Capacity_AsIs!C16 -> 26500
B8: 📦 Volume/Day | C8: ⏱ T_touch (To-Be) | D8: ⏱ T_e2e (To-Be) | E8: 📊 Util (To-Be) | F8: 📋 Backlog (To-Be) | G8: ✅ Throughput ToBe
B9: =Capacity_ToBe!C8 -> 480 | C9: =TAT_ToBe!C33 -> 0 | D9: =TAT_ToBe!C34 -> 0 | E9: =Capacity_ToBe!C14 -> 408 | F9: =Capacity_ToBe!C15 -> 22500 | G9: =Capacity_ToBe!C16 -> 22440
A11: WHAT-IF ANALYSIS — FTE Sensitivity
B12: FTE Scenario | C12: Workload (min) | D12: Capacity (min) | E12: Utilisation % | F12: Backlog Cases
B13: 50 | C13: =Capacity_AsIs!C6*Capacity_AsIs!C7 -> 26500 | D13: =50*Capacity_AsIs!C15 -> 20400 | E13: =C13/D13 -> 1.2990196 | F13: =MAX(0,(C13-D13)/Capacity_AsIs!C7) -> 115.09434
B14: 52 | C14: =Capacity_AsIs!C6*Capacity_AsIs!C7 -> 26500 | D14: =52*Capacity_AsIs!C15 -> 21216 | E14: =C14/D14 -> 1.2490573 | F14: =MAX(0,(C14-D14)/Capacity_AsIs!C7) -> 99.698113
B15: 55 | C15: =Capacity_AsIs!C6*Capacity_AsIs!C7 -> 26500 | D15: =55*Capacity_AsIs!C15 -> 22440 | E15: =C15/D15 -> 1.1809269 | F15: =MAX(0,(C15-D15)/Capacity_AsIs!C7) -> 76.603774
B16: 57 | C16: =Capacity_AsIs!C6*Capacity_AsIs!C7 -> 26500 | D16: =57*Capacity_AsIs!C15 -> 23256 | E16: =C16/D16 -> 1.1394909 | F16: =MAX(0,(C16-D16)/Capacity_AsIs!C7) -> 61.207547
B17: 60 | C17: =Capacity_AsIs!C6*Capacity_AsIs!C7 -> 26500 | D17: =60*Capacity_AsIs!C15 -> 24480 | E17: =C17/D17 -> 1.0825163 | F17: =MAX(0,(C17-D17)/Capacity_AsIs!C7) -> 38.113208
B18: 62 | C18: =Capacity_AsIs!C6*Capacity_AsIs!C7 -> 26500 | D18: =62*Capacity_AsIs!C15 -> 25296 | E18: =C18/D18 -> 1.0475965 | F18: =MAX(0,(C18-D18)/Capacity_AsIs!C7) -> 22.716981
B19: 65 | C19: =Capacity_AsIs!C6*Capacity_AsIs!C7 -> 26500 | D19: =65*Capacity_AsIs!C15 -> 26520 | E19: =C19/D19 -> 0.99924585 | F19: =MAX(0,(C19-D19)/Capacity_AsIs!C7) -> 0
A22: SLA RISK SUMMARY
B23: Metric | C23: Threshold | D23: As-Is Status | E23: To-Be Status
B24: TAT (hours) | C24: < 24h | D24: 🔴 At Risk (90 min touch only) | E24: 🟢 75 min — safe
B25: Utilisation | C25: < 100% | D25: 🔴 108% — overloaded | E25: 🟢 ~92% — healthy
B26: Backlog Cases/Day | C26: =0 -> 0 | D26: 🔴 38–80 cases/day | E26: 🟢 Zero
B27: FTE Coverage | C27: ≥ FTE req | D27: 🔴 60 vs 65 required | E27: 🟢 55 FTE sufficient
